order_id,customer_name,product_name,category,quantity,unit_price,region,country,order_date,revenue,profit
ORD00001,Kenneth Cunningham,Keyboard,Accessories,6,482.9,East,Malta,2026-04-13,2897.3999999999996,869.2199999999999
ORD00002,Henry Murray,Monitor,Electronics,2,1229.5,South,Zambia,2026-04-09,2459.0,737.6999999999999
ORD00003,Kristin Baker,Laptop,Accessories,10,55.94,South,Guinea,2026-02-25,559.4,167.82
ORD00004,David Jones,Phone,Accessories,8,1429.26,South,Tajikistan,2026-01-13,11434.08,3430.2239999999997
ORD00005,Kelsey Koch,Tablet,Accessories,4,1385.3,North,Mali,2026-04-04,5541.2,1662.36
ORD00006,John Fritz,Phone,Electronics,10,523.76,West,Maldives,2026-02-15,5237.6,1571.28
ORD00007,Kristen Mann,Tablet,Electronics,5,803.13,West,Bangladesh,2026-05-28,4015.65,1204.695
ORD00008,Roberto Mcdonald,Mouse,Accessories,10,271.5,South,American Samoa,2026-02-15,2715.0,814.5
ORD00009,Rhonda Pitts,Keyboard,Electronics,2,1297.59,West,Venezuela,2026-01-29,2595.18,778.554
ORD00010,Jennifer Morton,Phone,Electronics,2,287.44,West,San Marino,2026-01-11,574.88,172.464
ORD00011,Kara Barrett,Tablet,Electronics,3,969.21,West,Mayotte,2026-02-04,2907.63,872.289
ORD00012,Crystal Allen,Laptop,Accessories,10,1078.4,East,Christmas Island,2026-03-22,10784.0,3235.2
ORD00013,David Bates,Monitor,Electronics,1,127.98,South,American Samoa,2026-02-03,127.98,38.394
ORD00014,Cody Andersen,Laptop,Accessories,3,242.52,North,Guadeloupe,2026-06-30,727.5600000000001,218.268
ORD00015,Ashley Brown,Mouse,Accessories,1,249.11,North,Uganda,2026-04-24,249.11,74.733
ORD00016,Derek Edwards DDS,Tablet,Accessories,10,676.16,East,Moldova,2026-07-12,6761.599999999999,2028.4799999999998
ORD00017,Bryan Green,Phone,Electronics,7,1336.38,East,Greece,2026-06-09,9354.66,2806.3979999999997
ORD00018,Kyle Elliott,Phone,Electronics,1,738.15,North,Saint Lucia,2026-04-19,738.15,221.445
ORD00019,Tony Edwards,Laptop,Accessories,6,1354.0,South,Haiti,2026-05-25,8124.0,2437.2
ORD00020,James Patterson,Mouse,Electronics,2,1410.35,South,Malawi,2026-05-01,2820.7,846.2099999999999
ORD00021,Kimberly Alvarez,Tablet,Electronics,9,1337.48,North,Maldives,2026-01-16,12037.32,3611.196
ORD00022,Mark Hunt,Tablet,Accessories,5,430.82,South,Yemen,2026-07-01,2154.1,646.2299999999999
ORD00023,Christine Mcdaniel,Mouse,Accessories,5,322.18,North,South Georgia and the South Sandwich Islands,2026-01-16,1610.9,483.27
ORD00024,Lisa Williams,Monitor,Accessories,6,872.83,East,Saudi Arabia,2026-05-05,5236.9800000000005,1571.094
ORD00025,John Thomas,Keyboard,Electronics,6,1494.61,South,Mongolia,2026-07-08,8967.66,2690.298
ORD00026,Cassidy Hernandez,Mouse,Electronics,5,254.04,North,Timor-Leste,2026-02-15,1270.2,381.06
ORD00027,Dawn White,Phone,Accessories,5,514.68,East,Israel,2026-04-27,2573.3999999999996,772.0199999999999
ORD00028,Melissa Jones,Monitor,Electronics,4,1152.27,West,Tanzania,2026-05-09,4609.08,1382.724
ORD00029,Susan Stark,Keyboard,Electronics,10,132.69,East,Kyrgyz Republic,2026-06-13,1326.9,398.07
ORD00030,Carmen Walker,Mouse,Accessories,1,804.97,North,Chad,2026-05-04,804.97,241.49099999999999
ORD00031,Lori Kemp,Keyboard,Accessories,10,1422.62,West,Niue,2026-05-20,14226.199999999999,4267.86
ORD00032,Samantha French,Tablet,Electronics,6,1030.25,East,Benin,2026-02-01,6181.5,1854.4499999999998
ORD00033,Jaime Santiago,Laptop,Accessories,1,478.4,South,Ghana,2026-01-06,478.4,143.51999999999998
ORD00034,Carlos Brown,Tablet,Accessories,10,363.51,East,Greece,2026-07-03,3635.1,1090.53
ORD00035,Jacob Roberts,Phone,Electronics,6,1246.02,South,Cayman Islands,2026-02-24,7476.12,2242.836
ORD00036,Maria Leonard,Monitor,Electronics,9,1001.9,South,Ukraine,2026-05-15,9017.1,2705.13
ORD00037,Jennifer Hill,Monitor,Accessories,5,450.91,West,San Marino,2026-03-19,2254.55,676.365
ORD00038,Kimberly Coleman,Laptop,Accessories,2,1112.91,East,Afghanistan,2026-02-03,2225.82,667.746
ORD00039,Angela Howard,Tablet,Accessories,4,953.02,East,Serbia,2026-01-26,3812.08,1143.624
ORD00040,Karen Smith,Keyboard,Electronics,4,1197.91,North,Seychelles,2026-02-20,4791.64,1437.492
ORD00041,Michael Gill,Monitor,Accessories,5,108.3,South,Norway,2026-06-05,541.5,162.45
ORD00042,Sean Clarke,Phone,Electronics,1,317.42,South,United Arab Emirates,2026-04-10,317.42,95.226
ORD00043,Stephen Bailey,Tablet,Accessories,10,407.16,North,Jordan,2026-06-09,4071.6000000000004,1221.48
ORD00044,Gwendolyn Padilla,Monitor,Accessories,4,1020.98,North,Thailand,2026-02-12,4083.92,1225.176
ORD00045,Rachel Alexander,Tablet,Electronics,6,682.59,East,Turkmenistan,2026-02-16,4095.54,1228.662
ORD00046,Kelly Barnes,Monitor,Electronics,8,280.06,South,Liechtenstein,2026-03-08,2240.48,672.144
ORD00047,Kimberly Aguirre,Phone,Accessories,8,772.49,South,Indonesia,2026-04-23,6179.92,1853.9759999999999
ORD00048,Kaitlyn Hawkins,Mouse,Accessories,5,425.63,East,Greece,2026-02-18,2128.15,638.445
ORD00049,Linda Howard,Laptop,Electronics,3,1283.2,South,Sweden,2026-04-14,3849.6000000000004,1154.88
ORD00050,Nathan Henderson,Laptop,Accessories,9,898.19,West,Saint Barthelemy,2026-02-27,8083.710000000001,2425.1130000000003
ORD00051,Kevin Thompson MD,Monitor,Electronics,9,1153.3,West,Croatia,2026-06-04,10379.699999999999,3113.9099999999994
ORD00052,Christopher Haas,Monitor,Electronics,4,1388.86,North,Venezuela,2026-03-10,5555.44,1666.6319999999998
ORD00053,Oscar Brown,Tablet,Accessories,3,308.65,East,New Zealand,2026-01-10,925.9499999999999,277.78499999999997
ORD00054,Stephanie Lee,Monitor,Electronics,8,1051.22,North,Andorra,2026-02-09,8409.76,2522.928
ORD00055,Sherry Rivers,Monitor,Electronics,5,1086.47,West,Ghana,2026-04-21,5432.35,1629.7050000000002
ORD00056,Angela Huang,Laptop,Electronics,10,1101.9,West,Svalbard & Jan Mayen Islands,2026-06-29,11019.0,3305.7
ORD00057,Denise Crosby,Laptop,Electronics,7,1107.94,North,Somalia,2026-06-22,7755.58,2326.674
ORD00058,Todd Baker,Tablet,Accessories,9,930.45,East,Spain,2026-04-27,8374.050000000001,2512.215
ORD00059,Elizabeth Salas,Laptop,Accessories,2,563.86,West,Turkey,2026-06-19,1127.72,338.316
ORD00060,Theresa Warren,Monitor,Accessories,7,964.79,South,Bouvet Island (Bouvetoya),2026-06-14,6753.53,2026.0589999999997
ORD00061,Scott Thomas,Tablet,Electronics,5,1207.87,East,Trinidad and Tobago,2026-01-05,6039.349999999999,1811.8049999999998
ORD00062,Scott Jones,Laptop,Accessories,1,793.47,North,Trinidad and Tobago,2026-06-26,793.47,238.041
ORD00063,Adam Martinez,Keyboard,Electronics,4,1097.04,East,Togo,2026-02-08,4388.16,1316.4479999999999
ORD00064,Ashley Conrad,Mouse,Accessories,10,178.4,West,Singapore,2026-02-21,1784.0,535.1999999999999
ORD00065,Daniel Galvan,Keyboard,Electronics,8,1211.55,North,Mozambique,2026-04-28,9692.4,2907.72
ORD00066,Charles Shields,Phone,Accessories,10,326.0,South,Ethiopia,2026-04-06,3260.0,978.0
ORD00067,Krystal Lopez,Laptop,Accessories,4,590.59,South,Iceland,2026-01-04,2362.36,708.708
ORD00068,Amy Shelton,Laptop,Electronics,7,1470.06,West,Tunisia,2026-06-13,10290.42,3087.1259999999997
ORD00069,Timothy Gallegos,Laptop,Accessories,9,1093.59,South,Singapore,2026-04-05,9842.31,2952.6929999999998
ORD00070,Raymond Powell,Phone,Accessories,5,382.15,East,Mauritania,2026-06-18,1910.75,573.225
ORD00071,Briana Barnett,Mouse,Accessories,5,692.97,North,Falkland Islands (Malvinas),2026-06-04,3464.8500000000004,1039.4550000000002
ORD00072,Amanda Larson,Laptop,Electronics,6,1172.15,South,Iran,2026-04-19,7032.900000000001,2109.87
ORD00073,Annette Rogers,Laptop,Accessories,5,810.35,North,Iceland,2026-05-01,4051.75,1215.5249999999999
ORD00074,Steven Boone,Keyboard,Electronics,5,216.19,East,Gibraltar,2026-06-18,1080.95,324.285
ORD00075,Jennifer Anderson,Monitor,Accessories,6,532.07,East,Bouvet Island (Bouvetoya),2026-03-01,3192.42,957.726
ORD00076,Louis Higgins,Tablet,Accessories,4,1477.9,West,Senegal,2026-05-09,5911.6,1773.48
ORD00077,Todd Phillips,Phone,Electronics,2,1049.46,West,Jamaica,2026-01-31,2098.92,629.676
ORD00078,Patricia Pitts,Keyboard,Electronics,4,506.24,East,Mauritania,2026-05-28,2024.96,607.4879999999999
ORD00079,Lisa Nelson,Laptop,Accessories,7,1378.25,East,Russian Federation,2026-01-22,9647.75,2894.325
ORD00080,Austin Boyle,Monitor,Accessories,9,1077.46,East,Netherlands Antilles,2026-05-25,9697.14,2909.142
ORD00081,Alicia Nelson,Tablet,Accessories,1,1370.93,West,Saint Lucia,2026-05-07,1370.93,411.279
ORD00082,Alan Mccall,Phone,Accessories,6,679.15,North,Canada,2026-04-21,4074.8999999999996,1222.4699999999998
ORD00083,Ashley Young,Phone,Accessories,6,1079.78,North,Bouvet Island (Bouvetoya),2026-06-07,6478.68,1943.604
ORD00084,Dawn Walker,Keyboard,Accessories,7,989.12,West,South Africa,2026-04-05,6923.84,2077.152
ORD00085,Shawn Little,Phone,Electronics,7,351.24,South,Lao People's Democratic Republic,2026-06-29,2458.6800000000003,737.604
ORD00086,Lauren Moody,Monitor,Accessories,9,1254.09,South,Bangladesh,2026-02-28,11286.81,3386.0429999999997
ORD00087,Gwendolyn Schultz,Monitor,Accessories,10,331.66,South,Somalia,2026-05-26,3316.6000000000004,994.98
ORD00088,Brianna Dixon,Laptop,Electronics,3,1055.69,North,Mongolia,2026-06-25,3167.07,950.121
ORD00089,Ashley Tucker,Laptop,Accessories,6,443.29,South,Trinidad and Tobago,2026-07-07,2659.7400000000002,797.922
ORD00090,Kyle Rose,Mouse,Electronics,4,470.54,North,French Guiana,2026-03-14,1882.16,564.648
ORD00091,Rachael Washington,Phone,Electronics,9,639.23,East,Antarctica (the territory South of 60 deg S),2026-06-11,5753.07,1725.9209999999998
ORD00092,Benjamin Hansen,Tablet,Accessories,6,416.23,East,Jordan,2026-04-26,2497.38,749.214
ORD00093,Lauren Phillips,Keyboard,Electronics,4,1270.62,South,Tokelau,2026-01-20,5082.48,1524.744
ORD00094,Gerald Mason,Tablet,Accessories,9,793.18,West,Azerbaijan,2026-02-10,7138.62,2141.586
ORD00095,Christine Wells,Tablet,Electronics,9,800.21,South,Poland,2026-01-31,7201.89,2160.567
ORD00096,Benjamin Walker,Keyboard,Accessories,7,1161.59,West,Cambodia,2026-02-28,8131.129999999999,2439.3389999999995
ORD00097,Christopher Lopez,Laptop,Accessories,9,1025.87,North,Lebanon,2026-05-25,9232.829999999998,2769.8489999999993
ORD00098,Lisa Howard,Tablet,Accessories,4,277.94,East,Kyrgyz Republic,2026-05-30,1111.76,333.52799999999996
ORD00099,Tammy Jimenez,Keyboard,Electronics,5,1469.92,North,Saint Lucia,2026-04-10,7349.6,2204.88
ORD00100,James Barnes,Laptop,Electronics,10,299.72,East,United States Minor Outlying Islands,2026-02-24,2997.2000000000003,899.1600000000001
ORD00101,Jordan Shaw,Monitor,Accessories,5,523.21,South,British Indian Ocean Territory (Chagos Archipelago),2026-07-06,2616.05,784.815
ORD00102,Heather Zamora,Tablet,Accessories,8,96.49,West,Jersey,2026-03-11,771.92,231.57599999999996
ORD00103,Rachel Prince,Phone,Accessories,9,1264.47,North,India,2026-03-20,11380.23,3414.069
ORD00104,Kathy Moore,Keyboard,Electronics,8,1427.26,South,Croatia,2026-05-05,11418.08,3425.424
ORD00105,Michael Reed,Phone,Electronics,7,747.36,East,Haiti,2026-03-05,5231.52,1569.4560000000001
ORD00106,Mark Bennett,Laptop,Accessories,6,763.68,East,Tonga,2026-07-17,4582.08,1374.624
ORD00107,Jennifer Cardenas,Mouse,Electronics,7,942.31,North,Italy,2026-03-15,6596.17,1978.8509999999999
ORD00108,Patricia Leonard,Keyboard,Electronics,9,1016.34,West,Gabon,2026-04-24,9147.06,2744.118
ORD00109,Robert George,Monitor,Accessories,3,776.92,South,Senegal,2026-03-08,2330.7599999999998,699.228
ORD00110,Laura Case,Laptop,Electronics,7,844.23,East,Madagascar,2026-05-12,5909.610000000001,1772.883
ORD00111,Albert Alvarez,Phone,Accessories,9,785.39,North,Burkina Faso,2026-03-23,7068.51,2120.553
ORD00112,Lauren Dean,Monitor,Electronics,3,223.22,South,Turkmenistan,2026-01-01,669.66,200.898
ORD00113,Amanda Le,Tablet,Accessories,10,330.31,West,Nepal,2026-02-24,3303.1,990.93
ORD00114,Stephanie Graham,Phone,Accessories,7,664.65,East,Seychelles,2026-04-20,4652.55,1395.765
ORD00115,Mr. James Cox Jr.,Mouse,Electronics,6,1175.34,North,Mauritania,2026-06-30,7052.039999999999,2115.6119999999996
ORD00116,Lawrence Luna,Tablet,Accessories,8,124.16,West,Namibia,2026-02-11,993.28,297.984
ORD00117,Jacob Allen,Mouse,Accessories,3,1065.22,West,Northern Mariana Islands,2026-06-01,3195.66,958.6979999999999
ORD00118,Ryan Barr,Monitor,Accessories,2,613.44,South,Ireland,2026-01-20,1226.88,368.064
ORD00119,Joseph Wolfe,Laptop,Electronics,2,1323.16,South,Japan,2026-04-02,2646.32,793.8960000000001
ORD00120,Ann Strong,Tablet,Accessories,8,192.57,West,Mozambique,2026-02-08,1540.56,462.16799999999995
ORD00121,Ashley Hines,Tablet,Electronics,8,1002.22,North,Saint Lucia,2026-01-20,8017.76,2405.328
ORD00122,Jason Sandoval,Keyboard,Accessories,4,134.19,North,Nepal,2026-06-29,536.76,161.028
ORD00123,Stefanie Yang,Keyboard,Accessories,9,635.61,West,Hong Kong,2026-04-02,5720.49,1716.147
ORD00124,Robert Brooks DVM,Monitor,Electronics,6,713.48,West,United States Minor Outlying Islands,2026-05-03,4280.88,1284.264
ORD00125,Leslie Franklin,Mouse,Electronics,2,847.04,West,Montenegro,2026-04-24,1694.08,508.22399999999993
ORD00126,Amber Powers,Tablet,Electronics,6,1305.1,West,Trinidad and Tobago,2026-03-04,7830.599999999999,2349.18
ORD00127,Sara Ross,Monitor,Accessories,1,447.24,North,Switzerland,2026-02-25,447.24,134.172
ORD00128,Laura Salazar,Laptop,Accessories,8,390.38,South,Andorra,2026-03-11,3123.04,936.9119999999999
ORD00129,Casey James,Phone,Accessories,1,635.59,South,Slovakia (Slovak Republic),2026-03-23,635.59,190.677
ORD00130,Briana Davis,Keyboard,Electronics,6,482.96,South,North Macedonia,2026-03-17,2897.7599999999998,869.3279999999999
ORD00131,Marcus Jenkins,Monitor,Electronics,2,1121.95,East,Yemen,2026-03-02,2243.9,673.17
ORD00132,Stacey Harris,Keyboard,Accessories,6,912.41,West,Norfolk Island,2026-05-17,5474.46,1642.338
ORD00133,Brian Ramirez,Tablet,Electronics,8,701.25,North,Lebanon,2026-02-21,5610.0,1683.0
ORD00134,Jennifer Price,Laptop,Accessories,4,903.06,South,Sierra Leone,2026-06-16,3612.24,1083.6719999999998
ORD00135,Mr. Kevin Green,Phone,Accessories,4,1440.45,East,Pitcairn Islands,2026-07-13,5761.8,1728.54
ORD00136,Richard Torres,Keyboard,Electronics,1,768.33,South,Turkey,2026-02-04,768.33,230.499
ORD00137,Dr. Jeremy Walters,Mouse,Electronics,8,1312.94,West,Armenia,2026-02-21,10503.52,3151.056
ORD00138,Ryan Huber,Keyboard,Accessories,6,1405.84,North,Honduras,2026-04-20,8435.039999999999,2530.5119999999997
ORD00139,Sophia Wagner,Keyboard,Electronics,9,612.3,East,Uruguay,2026-03-20,5510.7,1653.2099999999998
ORD00140,Molly Jackson,Tablet,Accessories,9,1000.96,West,Comoros,2026-03-20,9008.64,2702.5919999999996
ORD00141,Chase Cummings,Monitor,Accessories,5,815.45,North,Italy,2026-02-20,4077.25,1223.175
ORD00142,Anthony Dunn,Tablet,Electronics,8,1075.19,South,Libyan Arab Jamahiriya,2026-04-03,8601.52,2580.456
ORD00143,Lauren Medina,Laptop,Accessories,1,524.48,North,Iran,2026-05-12,524.48,157.344
ORD00144,Lauren Guzman DDS,Keyboard,Electronics,10,202.82,South,Indonesia,2026-02-26,2028.1999999999998,608.4599999999999
ORD00145,Brandy Case,Keyboard,Accessories,9,1075.37,South,Solomon Islands,2026-06-05,9678.329999999998,2903.4989999999993
ORD00146,Christopher Atkins,Laptop,Accessories,2,971.45,North,India,2026-03-30,1942.9,582.87
ORD00147,Christopher Barrett,Mouse,Accessories,9,261.97,North,Malawi,2026-07-11,2357.7300000000005,707.3190000000001
ORD00148,Susan Wilson,Monitor,Electronics,1,687.1,West,Sudan,2026-06-20,687.1,206.13
ORD00149,Christopher Hill,Monitor,Accessories,8,237.35,South,North Macedonia,2026-02-23,1898.8,569.64
ORD00150,Amber Rivera,Keyboard,Electronics,3,1192.03,East,Guatemala,2026-01-10,3576.09,1072.827
ORD00151,Kelly Moore,Laptop,Accessories,6,919.93,North,Saint Pierre and Miquelon,2026-04-27,5519.58,1655.874
ORD00152,Jim Whitehead,Keyboard,Accessories,1,717.45,South,Palau,2026-02-25,717.45,215.235
ORD00153,David Garcia,Mouse,Accessories,9,1355.82,North,Iraq,2026-06-24,12202.38,3660.7139999999995
ORD00154,Mr. James Kirby,Phone,Accessories,4,117.51,West,Christmas Island,2026-05-14,470.04,141.012
ORD00155,Samuel Martinez,Keyboard,Electronics,2,1157.01,West,Samoa,2026-05-06,2314.02,694.206
ORD00156,Vanessa Randolph,Mouse,Electronics,8,1411.28,East,Tunisia,2026-02-17,11290.24,3387.0719999999997
ORD00157,Cathy Frederick,Phone,Electronics,8,1179.64,South,San Marino,2026-05-30,9437.12,2831.136
ORD00158,Brittany Jones,Mouse,Electronics,2,961.16,East,Sweden,2026-02-06,1922.32,576.6959999999999
ORD00159,Michael Jennings,Laptop,Accessories,7,246.98,North,Saint Martin,2026-01-17,1728.86,518.6579999999999
ORD00160,April Gibson,Mouse,Accessories,5,663.09,East,Latvia,2026-06-11,3315.4500000000003,994.635
ORD00161,Joshua Valentine,Monitor,Accessories,7,1119.86,West,Belarus,2026-05-22,7839.0199999999995,2351.7059999999997
ORD00162,Jeanette York,Laptop,Electronics,3,426.02,East,Guadeloupe,2026-06-17,1278.06,383.41799999999995
ORD00163,Eric Baker,Mouse,Electronics,2,365.58,North,Comoros,2026-04-28,731.16,219.34799999999998
ORD00164,Marie Jones,Keyboard,Electronics,4,858.06,East,Guyana,2026-07-11,3432.24,1029.6719999999998
ORD00165,Matthew Bell,Monitor,Accessories,9,511.87,East,Equatorial Guinea,2026-06-24,4606.83,1382.049
ORD00166,Scott Guerrero,Phone,Electronics,10,711.26,East,Malawi,2026-04-14,7112.6,2133.78
ORD00167,Brenda Moore,Tablet,Electronics,7,1359.55,South,Brunei Darussalam,2026-06-30,9516.85,2855.055
ORD00168,Jonathan Riley,Laptop,Electronics,7,646.86,North,Taiwan,2026-06-25,4528.02,1358.4060000000002
ORD00169,Johnny Kelly,Mouse,Electronics,9,1350.82,East,Qatar,2026-01-03,12157.38,3647.2139999999995
ORD00170,Michael Peterson,Monitor,Electronics,8,926.09,South,Solomon Islands,2026-04-09,7408.72,2222.616
ORD00171,Tyrone Flowers,Tablet,Electronics,5,419.7,North,Mauritius,2026-05-08,2098.5,629.55
ORD00172,Mr. Brandon Jordan MD,Keyboard,Electronics,4,399.53,East,Poland,2026-03-02,1598.12,479.4359999999999
ORD00173,Stephanie Holt,Mouse,Accessories,3,741.84,North,Latvia,2026-04-30,2225.52,667.656
ORD00174,Jason Nguyen,Monitor,Accessories,6,1270.24,South,Guatemala,2026-06-21,7621.4400000000005,2286.4320000000002
ORD00175,James Walker,Phone,Accessories,10,950.01,South,Bangladesh,2026-03-31,9500.1,2850.03
ORD00176,Virginia Ramirez,Tablet,Electronics,10,1170.72,North,Marshall Islands,2026-04-21,11707.2,3512.1600000000003
ORD00177,Judy Anderson DVM,Keyboard,Accessories,6,760.12,South,Saudi Arabia,2026-05-27,4560.72,1368.2160000000001
ORD00178,Deborah Perry DDS,Keyboard,Electronics,7,517.91,East,Guadeloupe,2026-07-02,3625.37,1087.6109999999999
ORD00179,Maria Hobbs,Keyboard,Accessories,10,171.5,North,Norway,2026-04-22,1715.0,514.5
ORD00180,Benjamin Clark,Monitor,Accessories,2,423.66,East,Montenegro,2026-06-03,847.32,254.196
ORD00181,Nicole Donovan,Laptop,Electronics,5,606.94,East,Bahamas,2026-02-02,3034.7000000000003,910.4100000000001
ORD00182,Shannon Andrews,Monitor,Accessories,7,349.91,East,Grenada,2026-06-15,2449.3700000000003,734.811
ORD00183,Andrew Harris,Keyboard,Electronics,9,599.57,South,Yemen,2026-05-09,5396.13,1618.839
ORD00184,Joanne Jones,Laptop,Accessories,3,198.57,West,Congo,2026-01-10,595.71,178.713
ORD00185,Stephanie Carlson,Tablet,Accessories,4,1177.56,East,Portugal,2026-06-03,4710.24,1413.072
ORD00186,Kelly Campbell,Monitor,Electronics,10,471.88,North,Angola,2026-07-08,4718.8,1415.64
ORD00187,James Manning,Keyboard,Accessories,1,408.79,South,Mongolia,2026-05-14,408.79,122.637
ORD00188,Evan Green,Tablet,Accessories,9,1371.95,North,Slovakia (Slovak Republic),2026-05-08,12347.550000000001,3704.2650000000003
ORD00189,Christopher Diaz,Keyboard,Accessories,5,579.99,South,Libyan Arab Jamahiriya,2026-03-15,2899.95,869.9849999999999
ORD00190,Angela Neal,Monitor,Electronics,10,647.59,West,Swaziland,2026-04-02,6475.900000000001,1942.77
ORD00191,Chelsea Smith,Phone,Electronics,1,456.59,West,French Guiana,2026-06-01,456.59,136.97699999999998
ORD00192,Megan Jones DVM,Laptop,Electronics,3,541.31,East,Guinea,2026-03-06,1623.9299999999998,487.1789999999999
ORD00193,Alfred Scott,Mouse,Accessories,6,469.46,East,Cameroon,2026-02-08,2816.7599999999998,845.0279999999999
ORD00194,Alexandra Miller,Tablet,Electronics,3,783.93,East,Korea,2026-02-28,2351.79,705.5369999999999
ORD00195,Nicole Shah,Mouse,Accessories,4,231.71,East,Kazakhstan,2026-01-07,926.84,278.052
ORD00196,Jennifer Williams,Phone,Accessories,1,1191.72,East,Zambia,2026-04-22,1191.72,357.516
ORD00197,Brandy Contreras,Monitor,Electronics,8,907.89,East,Egypt,2026-01-06,7263.12,2178.9359999999997
ORD00198,Thomas Sandoval,Laptop,Accessories,1,1437.94,North,Zambia,2026-03-07,1437.94,431.382
ORD00199,Brittney Leon,Phone,Electronics,10,854.77,East,Azerbaijan,2026-04-27,8547.7,2564.31
ORD00200,Mrs. Maria Nelson,Monitor,Accessories,1,382.4,North,Equatorial Guinea,2026-02-14,382.4,114.71999999999998
ORD00201,Dakota Taylor,Phone,Electronics,8,1287.28,West,Egypt,2026-07-02,10298.24,3089.4719999999998
ORD00202,Karl Bailey,Laptop,Accessories,4,657.14,West,Rwanda,2026-01-21,2628.56,788.568
ORD00203,Sean Martinez,Monitor,Accessories,3,617.42,East,Turkmenistan,2026-04-13,1852.2599999999998,555.6779999999999
ORD00204,Victor Garcia,Monitor,Accessories,8,894.18,North,Cocos (Keeling) Islands,2026-05-15,7153.44,2146.0319999999997
ORD00205,Miss Jessica Richardson,Mouse,Accessories,2,183.92,North,Papua New Guinea,2026-03-29,367.84,110.35199999999999
ORD00206,Michael Fernandez,Phone,Accessories,1,1463.73,North,Uzbekistan,2026-04-25,1463.73,439.11899999999997
ORD00207,Mark Daugherty,Monitor,Accessories,7,1375.43,East,El Salvador,2026-02-23,9628.01,2888.403
ORD00208,Bethany Green,Monitor,Accessories,6,310.22,South,Egypt,2026-04-28,1861.3200000000002,558.3960000000001
ORD00209,Tamara Williams,Laptop,Accessories,2,1089.58,South,Guam,2026-04-09,2179.16,653.7479999999999
ORD00210,Nicole Moran,Phone,Accessories,1,191.68,East,Portugal,2026-07-11,191.68,57.504
ORD00211,Manuel Trevino MD,Keyboard,Electronics,8,466.93,South,Jersey,2026-01-15,3735.44,1120.632
ORD00212,Susan Walker,Keyboard,Accessories,3,645.95,East,Algeria,2026-02-28,1937.8500000000001,581.355
ORD00213,Jodi Brown,Phone,Accessories,3,788.88,South,Kyrgyz Republic,2026-05-27,2366.64,709.992
ORD00214,Jeffrey Perry,Phone,Electronics,8,1432.7,North,Saint Helena,2026-07-13,11461.6,3438.48
ORD00215,Grace Dennis,Monitor,Electronics,6,1115.75,East,Bangladesh,2026-04-16,6694.5,2008.35
ORD00216,Jeremy Galvan,Monitor,Accessories,5,359.92,West,China,2026-06-29,1799.6000000000001,539.88
ORD00217,Debra Dominguez,Mouse,Accessories,8,199.98,South,Turkmenistan,2026-05-02,1599.84,479.95199999999994
ORD00218,Susan Kennedy,Monitor,Electronics,7,585.04,West,Honduras,2026-03-21,4095.2799999999997,1228.5839999999998
ORD00219,Megan Hodges,Phone,Electronics,8,1070.28,North,Uganda,2026-02-05,8562.24,2568.672
ORD00220,Julie Stephens,Monitor,Electronics,6,505.72,North,Holy See (Vatican City State),2026-05-04,3034.32,910.296
ORD00221,Rodney Silva,Tablet,Electronics,10,502.76,North,Equatorial Guinea,2026-02-05,5027.6,1508.28
ORD00222,Devon Nixon,Monitor,Electronics,5,627.79,West,Australia,2026-06-23,3138.95,941.685
ORD00223,Jeff Johnson,Keyboard,Electronics,4,572.12,West,Somalia,2026-05-02,2288.48,686.544
ORD00224,Leslie Mcintosh,Laptop,Electronics,7,296.76,North,Guadeloupe,2026-04-03,2077.3199999999997,623.1959999999999
ORD00225,Matthew Hayes,Monitor,Accessories,2,389.35,East,Poland,2026-05-10,778.7,233.61
ORD00226,Heather Howard,Mouse,Accessories,6,1114.58,South,Latvia,2026-06-15,6687.48,2006.2439999999997
ORD00227,Sarah Miranda,Keyboard,Accessories,3,1323.27,South,India,2026-01-11,3969.81,1190.943
ORD00228,Richard Russell,Keyboard,Electronics,4,1414.33,South,Kenya,2026-03-19,5657.32,1697.196
ORD00229,Jesse Rangel,Tablet,Accessories,6,71.95,East,Guam,2026-01-12,431.70000000000005,129.51000000000002
ORD00230,Ebony Cunningham,Tablet,Electronics,4,750.08,South,France,2026-06-14,3000.32,900.096
ORD00231,Edward Wilson,Keyboard,Electronics,1,1311.17,East,British Indian Ocean Territory (Chagos Archipelago),2026-02-27,1311.17,393.351
ORD00232,Angela Dixon,Laptop,Accessories,8,454.63,North,Pitcairn Islands,2026-02-17,3637.04,1091.1119999999999
ORD00233,Jessica Walls,Monitor,Accessories,3,1304.86,East,Uruguay,2026-06-19,3914.58,1174.374
ORD00234,Catherine Kim,Mouse,Accessories,6,1073.85,West,Malawi,2026-02-18,6443.099999999999,1932.9299999999998
ORD00235,Shannon Logan,Laptop,Accessories,3,1338.47,North,Pakistan,2026-07-15,4015.41,1204.6229999999998
ORD00236,Brooke Wolf,Laptop,Accessories,9,286.86,South,Brazil,2026-05-12,2581.7400000000002,774.522
ORD00237,Marie Christensen,Phone,Electronics,5,611.71,East,South Africa,2026-06-18,3058.55,917.565
ORD00238,Kim Jackson,Keyboard,Accessories,10,1146.29,East,Switzerland,2026-01-07,11462.9,3438.87
ORD00239,David Harris,Keyboard,Accessories,9,703.24,West,Ethiopia,2026-02-07,6329.16,1898.7479999999998
ORD00240,Christina Rocha,Mouse,Accessories,6,884.24,South,Anguilla,2026-05-29,5305.4400000000005,1591.632
ORD00241,David Rosario,Tablet,Accessories,3,736.4,South,Zambia,2026-03-17,2209.2,662.7599999999999
ORD00242,Danielle Warren,Mouse,Electronics,1,1097.97,East,Poland,2026-01-03,1097.97,329.391
ORD00243,Sara Higgins DDS,Keyboard,Electronics,5,1286.74,West,Gambia,2026-03-16,6433.7,1930.11
ORD00244,Todd Delgado,Monitor,Accessories,3,1030.7,South,Uruguay,2026-01-20,3092.1000000000004,927.6300000000001
ORD00245,Nicholas Wright,Laptop,Electronics,2,153.29,West,Honduras,2026-07-06,306.58,91.97399999999999
ORD00246,William Larson,Mouse,Electronics,1,559.45,West,Panama,2026-07-17,559.45,167.835
ORD00247,Timothy Salazar,Monitor,Accessories,4,1139.15,West,Saint Kitts and Nevis,2026-05-13,4556.6,1366.98
ORD00248,Lee Taylor,Tablet,Accessories,10,1237.47,South,Brunei Darussalam,2026-03-20,12374.7,3712.41
ORD00249,Joseph Francis,Monitor,Electronics,10,827.96,East,Croatia,2026-01-21,8279.6,2483.88
ORD00250,Claudia Hernandez,Keyboard,Accessories,3,56.1,West,Antarctica (the territory South of 60 deg S),2026-01-11,168.3,50.49
ORD00251,Christopher Jensen,Mouse,Accessories,4,899.18,South,El Salvador,2026-02-17,3596.72,1079.0159999999998
ORD00252,Crystal Thornton,Laptop,Accessories,6,816.83,South,Gibraltar,2026-04-04,4900.9800000000005,1470.294
ORD00253,Ashley Burnett,Monitor,Accessories,10,357.37,East,Nicaragua,2026-05-14,3573.7,1072.11
ORD00254,Stephanie Graham,Phone,Electronics,9,1143.45,North,Mozambique,2026-03-11,10291.050000000001,3087.315
ORD00255,Lisa Lopez,Mouse,Accessories,7,1247.11,North,Afghanistan,2026-05-22,8729.769999999999,2618.9309999999996
ORD00256,Oscar Clay,Monitor,Accessories,1,1151.76,East,Lebanon,2026-02-20,1151.76,345.52799999999996
ORD00257,Michael Chase,Keyboard,Accessories,2,1274.14,North,Bahrain,2026-07-13,2548.28,764.484
ORD00258,Ricky Rogers,Phone,Accessories,4,650.03,North,Burkina Faso,2026-02-17,2600.12,780.036
ORD00259,Olivia Keith,Monitor,Electronics,9,511.36,North,Belgium,2026-03-08,4602.24,1380.6719999999998
ORD00260,Deborah Alvarez,Monitor,Accessories,1,970.84,East,Kyrgyz Republic,2026-07-14,970.84,291.252
ORD00261,Julie Gray,Mouse,Electronics,3,148.96,North,Puerto Rico,2026-01-01,446.88,134.064
ORD00262,Jason Nguyen,Monitor,Electronics,3,92.18,West,Montserrat,2026-02-16,276.54,82.962
ORD00263,Mario Nelson,Keyboard,Electronics,10,472.41,South,Norfolk Island,2026-06-22,4724.1,1417.23
ORD00264,Michele Lee,Monitor,Electronics,2,579.78,East,Morocco,2026-06-30,1159.56,347.868
ORD00265,Nicole Bell,Mouse,Electronics,5,1453.94,East,Liechtenstein,2026-05-07,7269.700000000001,2180.9100000000003
ORD00266,Alexander Schaefer,Monitor,Electronics,10,288.72,East,Guam,2026-07-14,2887.2000000000003,866.1600000000001
ORD00267,David Young,Monitor,Accessories,8,668.41,North,Cuba,2026-02-17,5347.28,1604.184
ORD00268,Kimberly Landry,Mouse,Electronics,8,583.65,West,Lebanon,2026-04-29,4669.2,1400.76
ORD00269,Maria Brown,Phone,Electronics,1,442.23,North,Fiji,2026-04-04,442.23,132.669
ORD00270,April Harris,Laptop,Electronics,1,1254.96,North,Costa Rica,2026-01-19,1254.96,376.488
ORD00271,Kevin Jarvis,Keyboard,Electronics,9,121.88,East,Bouvet Island (Bouvetoya),2026-03-02,1096.92,329.076
ORD00272,Angela Miller,Phone,Accessories,10,1089.92,East,Yemen,2026-05-09,10899.2,3269.76
ORD00273,Kristina Burns,Monitor,Electronics,4,1077.78,East,Indonesia,2026-05-22,4311.12,1293.336
ORD00274,Eric Martinez,Monitor,Electronics,8,1458.66,South,Australia,2026-04-14,11669.28,3500.784
ORD00275,Amanda Myers,Phone,Accessories,7,1291.06,North,British Indian Ocean Territory (Chagos Archipelago),2026-06-04,9037.42,2711.226
ORD00276,Sharon Perez,Phone,Electronics,2,157.29,East,Germany,2026-01-20,314.58,94.374
ORD00277,Kimberly Holmes,Monitor,Accessories,3,247.93,South,Iraq,2026-02-21,743.79,223.13699999999997
ORD00278,Robert Martinez,Tablet,Accessories,6,1259.13,East,Hungary,2026-02-20,7554.780000000001,2266.434
ORD00279,Hannah Davis,Mouse,Accessories,7,1081.0,East,Lao People's Democratic Republic,2026-05-19,7567.0,2270.1
ORD00280,Jonathan Fisher,Keyboard,Accessories,10,1252.24,North,Korea,2026-02-24,12522.4,3756.72
ORD00281,Brandon Smith,Keyboard,Electronics,5,920.05,North,Chile,2026-02-09,4600.25,1380.075
ORD00282,Emily Contreras,Laptop,Electronics,3,673.59,South,Ghana,2026-06-07,2020.77,606.231
ORD00283,Jack Parks,Tablet,Accessories,2,974.43,South,Sao Tome and Principe,2026-03-18,1948.86,584.6579999999999
ORD00284,Tammy Hatfield,Phone,Accessories,10,824.2,West,Antigua and Barbuda,2026-04-08,8242.0,2472.6
ORD00285,Michael Mathis,Monitor,Accessories,7,528.15,East,Uruguay,2026-01-15,3697.0499999999997,1109.1149999999998
ORD00286,Charles Sellers,Keyboard,Accessories,7,202.71,West,Kazakhstan,2026-05-17,1418.97,425.691
ORD00287,Stacy Henry,Tablet,Electronics,8,1171.06,South,Taiwan,2026-04-29,9368.48,2810.544
ORD00288,Brandon Ramirez,Monitor,Electronics,10,240.66,South,Singapore,2026-01-09,2406.6,721.9799999999999
ORD00289,Jill Dawson,Tablet,Accessories,8,290.08,South,Congo,2026-02-01,2320.64,696.1919999999999
ORD00290,Andrea Cohen,Mouse,Accessories,7,1180.07,North,San Marino,2026-02-05,8260.49,2478.147
ORD00291,Michael Ball,Keyboard,Electronics,7,902.4,South,Serbia,2026-03-16,6316.8,1895.04
ORD00292,William Schmidt,Mouse,Electronics,3,953.06,North,Lesotho,2026-06-21,2859.18,857.7539999999999
ORD00293,Melissa Lewis,Mouse,Electronics,2,90.13,South,Burkina Faso,2026-05-19,180.26,54.077999999999996
ORD00294,Meredith Hayes,Phone,Electronics,5,558.55,East,Uzbekistan,2026-04-04,2792.75,837.8249999999999
ORD00295,Wesley Casey,Phone,Electronics,1,251.07,North,Marshall Islands,2026-07-02,251.07,75.321
ORD00296,Christopher Bridges,Tablet,Electronics,9,1373.79,West,Trinidad and Tobago,2026-04-12,12364.11,3709.233
ORD00297,Patricia Castillo,Laptop,Electronics,9,151.42,North,Solomon Islands,2026-04-15,1362.78,408.834
ORD00298,Nancy Kaufman,Laptop,Accessories,2,963.37,East,South Georgia and the South Sandwich Islands,2026-04-22,1926.74,578.0219999999999
ORD00299,David George,Monitor,Electronics,1,538.3,North,Syrian Arab Republic,2026-06-14,538.3,161.48999999999998
ORD00300,Jennifer Williamson,Tablet,Accessories,4,1186.77,North,Canada,2026-06-22,4747.08,1424.124
ORD00301,Rodney Martinez,Tablet,Electronics,9,779.29,East,China,2026-07-02,7013.61,2104.0829999999996
ORD00302,Samantha Maxwell,Tablet,Accessories,4,829.45,West,Jordan,2026-01-14,3317.8,995.34
ORD00303,Jerry Wilcox,Mouse,Accessories,8,1210.8,West,Ireland,2026-05-14,9686.4,2905.9199999999996
ORD00304,Kenneth Miller,Keyboard,Electronics,5,758.24,East,Suriname,2026-01-05,3791.2,1137.36
ORD00305,Laura Smith,Tablet,Electronics,4,885.12,East,Korea,2026-03-30,3540.48,1062.144
ORD00306,Brendan Ramos,Keyboard,Accessories,8,476.25,South,Thailand,2026-04-04,3810.0,1143.0
ORD00307,Robin Pruitt,Phone,Electronics,5,1420.34,West,Taiwan,2026-06-20,7101.7,2130.5099999999998
ORD00308,Bonnie Arias,Mouse,Accessories,8,467.58,South,Sweden,2026-02-10,3740.64,1122.192
ORD00309,Karen Vargas,Phone,Electronics,4,805.21,North,Tokelau,2026-04-04,3220.84,966.252
ORD00310,Michele Moody,Phone,Accessories,4,1476.49,East,Ethiopia,2026-01-17,5905.96,1771.788
ORD00311,Allen Perez,Keyboard,Accessories,9,193.24,West,Malaysia,2026-04-20,1739.16,521.748
ORD00312,Andrew Walter,Laptop,Accessories,4,1223.45,North,Mayotte,2026-01-30,4893.8,1468.14
ORD00313,Desiree Carter,Keyboard,Electronics,2,187.34,West,United Kingdom,2026-04-12,374.68,112.404
ORD00314,Nancy Walls,Phone,Electronics,5,603.38,North,Bhutan,2026-04-27,3016.9,905.07
ORD00315,Christina Patel,Keyboard,Accessories,7,866.86,South,Wallis and Futuna,2026-01-12,6068.02,1820.4060000000002
ORD00316,Christopher Wilson,Phone,Accessories,10,237.55,South,Fiji,2026-01-13,2375.5,712.65
ORD00317,Mark Valentine,Tablet,Electronics,9,244.87,North,Chad,2026-01-10,2203.83,661.149
ORD00318,Brittany Horn,Tablet,Accessories,10,909.59,North,Northern Mariana Islands,2026-04-27,9095.9,2728.77
ORD00319,Allison Sellers,Keyboard,Accessories,10,1112.71,West,Guyana,2026-03-26,11127.1,3338.13
ORD00320,Teresa Williams,Tablet,Accessories,1,495.48,East,Saint Lucia,2026-06-15,495.48,148.644
ORD00321,Connor Shaw,Phone,Accessories,8,905.96,West,Mayotte,2026-05-05,7247.68,2174.304
ORD00322,Rachel Gallagher,Monitor,Accessories,3,299.02,East,Greece,2026-07-05,897.06,269.118
ORD00323,Penny Cannon,Tablet,Accessories,7,1022.95,South,China,2026-03-14,7160.650000000001,2148.195
ORD00324,Paul Keller,Mouse,Accessories,1,1060.26,East,Liberia,2026-01-20,1060.26,318.078
ORD00325,Carolyn Townsend,Keyboard,Electronics,4,930.22,South,Burundi,2026-01-24,3720.88,1116.264
ORD00326,David Sandoval,Tablet,Accessories,1,1360.27,East,Guatemala,2026-05-03,1360.27,408.08099999999996
ORD00327,Mason Pittman,Monitor,Accessories,4,171.03,East,Dominican Republic,2026-01-18,684.12,205.236
ORD00328,Karen Young,Laptop,Accessories,3,58.57,South,Iceland,2026-07-03,175.71,52.713
ORD00329,Catherine Anderson,Tablet,Electronics,3,889.03,East,Saint Pierre and Miquelon,2026-02-28,2667.09,800.1270000000001
ORD00330,Samantha Smith,Laptop,Accessories,10,919.48,East,Fiji,2026-05-20,9194.8,2758.4399999999996
ORD00331,Sarah Oliver,Tablet,Electronics,2,721.41,East,Burundi,2026-06-01,1442.82,432.84599999999995
ORD00332,Evan Rodriguez,Mouse,Electronics,2,1065.43,West,British Indian Ocean Territory (Chagos Archipelago),2026-01-30,2130.86,639.258
ORD00333,Jean Mueller,Phone,Accessories,7,618.36,South,French Guiana,2026-02-20,4328.52,1298.556
ORD00334,William Webster,Laptop,Accessories,10,1155.37,East,Montenegro,2026-05-21,11553.699999999999,3466.1099999999997
ORD00335,Joshua Coleman,Mouse,Accessories,2,961.68,West,Tunisia,2026-04-15,1923.36,577.0079999999999
ORD00336,Garrett Bradshaw,Phone,Accessories,8,426.2,East,Uzbekistan,2026-02-14,3409.6,1022.8799999999999
ORD00337,Diana Reese,Tablet,Electronics,1,796.98,South,Mexico,2026-02-17,796.98,239.094
ORD00338,Jessica Kim,Tablet,Electronics,1,553.34,North,Yemen,2026-06-24,553.34,166.002
ORD00339,Pamela Castaneda,Mouse,Accessories,1,110.22,North,Cocos (Keeling) Islands,2026-05-12,110.22,33.065999999999995
ORD00340,Candice Graham,Mouse,Electronics,6,392.93,South,Cambodia,2026-03-03,2357.58,707.274
ORD00341,Wesley Silva,Keyboard,Electronics,8,1360.41,North,Argentina,2026-01-19,10883.28,3264.984
ORD00342,Kimberly Trujillo,Keyboard,Accessories,4,345.25,East,Ukraine,2026-05-11,1381.0,414.3
ORD00343,James Wilkins,Keyboard,Accessories,9,842.05,East,Pakistan,2026-06-11,7578.45,2273.535
ORD00344,Michael Hayden,Tablet,Accessories,10,1142.02,South,Anguilla,2026-04-30,11420.2,3426.06
ORD00345,Emma Harris,Mouse,Electronics,2,594.27,West,Syrian Arab Republic,2026-06-27,1188.54,356.56199999999995
ORD00346,Susan Watts,Phone,Electronics,9,793.54,North,Paraguay,2026-01-14,7141.86,2142.558
ORD00347,Jessica Gray,Laptop,Accessories,7,285.98,South,Gabon,2026-07-17,2001.8600000000001,600.558
ORD00348,David Huffman,Phone,Accessories,2,841.52,East,India,2026-01-15,1683.04,504.912
ORD00349,Wesley Hardin,Phone,Electronics,3,1049.03,West,Svalbard & Jan Mayen Islands,2026-01-26,3147.09,944.127
ORD00350,Russell Mills,Monitor,Accessories,7,109.16,South,British Virgin Islands,2026-01-09,764.12,229.236
ORD00351,Teresa Rivers,Phone,Accessories,1,1332.09,West,Argentina,2026-06-06,1332.09,399.62699999999995
ORD00352,Bryan Taylor III,Mouse,Electronics,9,148.42,West,Kiribati,2026-02-26,1335.78,400.734
ORD00353,Roger Gibson,Mouse,Electronics,9,450.14,West,Afghanistan,2026-01-14,4051.2599999999998,1215.378
ORD00354,Richard Spencer,Tablet,Accessories,10,1344.65,North,Burkina Faso,2026-05-05,13446.5,4033.95
ORD00355,Adam Mccormick,Monitor,Electronics,7,414.73,North,Pakistan,2026-02-20,2903.11,870.933
ORD00356,Mason Kennedy,Phone,Accessories,4,864.68,North,Sweden,2026-07-13,3458.72,1037.616
ORD00357,Jeremy Rogers,Tablet,Accessories,5,783.86,West,Chile,2026-01-17,3919.3,1175.79
ORD00358,Richard Koch,Phone,Electronics,10,623.17,East,Angola,2026-07-05,6231.7,1869.5099999999998
ORD00359,Brittney Fernandez,Phone,Electronics,1,592.08,East,El Salvador,2026-04-26,592.08,177.624
ORD00360,Erik Fuller,Tablet,Accessories,4,1471.79,West,Bosnia and Herzegovina,2026-05-03,5887.16,1766.148
ORD00361,Robert Hutchinson,Mouse,Electronics,10,999.69,West,Saint Barthelemy,2026-01-04,9996.900000000001,2999.07
ORD00362,John Baker,Mouse,Accessories,10,1043.47,East,Singapore,2026-04-14,10434.7,3130.4100000000003
ORD00363,Jeffrey Hernandez,Monitor,Electronics,4,1287.58,East,Mauritania,2026-07-02,5150.32,1545.0959999999998
ORD00364,Theresa Griffin,Monitor,Accessories,3,440.34,North,Guadeloupe,2026-06-06,1321.02,396.306
ORD00365,Mary Chase PhD,Keyboard,Electronics,8,1348.43,North,Liberia,2026-06-24,10787.44,3236.232
ORD00366,Jessica Phillips,Phone,Accessories,6,959.54,North,Azerbaijan,2026-05-31,5757.24,1727.1719999999998
ORD00367,Carol Phillips,Phone,Accessories,4,1479.32,South,Saudi Arabia,2026-01-13,5917.28,1775.184
ORD00368,Crystal Pineda,Tablet,Accessories,4,1305.03,South,Guyana,2026-05-13,5220.12,1566.0359999999998
ORD00369,Teresa Jennings,Mouse,Electronics,6,1350.2,East,Burundi,2026-06-02,8101.200000000001,2430.36
ORD00370,Mrs. Rhonda Harrison DDS,Mouse,Accessories,7,726.67,North,Somalia,2026-05-12,5086.69,1526.0069999999998
ORD00371,Karen Roberts,Phone,Accessories,8,780.5,East,United States Virgin Islands,2026-03-18,6244.0,1873.1999999999998
ORD00372,Yesenia Singh,Monitor,Accessories,6,799.68,North,Australia,2026-06-30,4798.08,1439.424
ORD00373,Lisa Sanders,Phone,Accessories,7,1221.2,South,Christmas Island,2026-01-11,8548.4,2564.52
ORD00374,Andrew Greene,Tablet,Accessories,1,1451.08,North,Qatar,2026-03-16,1451.08,435.32399999999996
ORD00375,Jerry Fuller,Keyboard,Electronics,8,555.55,South,Papua New Guinea,2026-04-02,4444.4,1333.32
ORD00376,Daniel Rodriguez,Tablet,Accessories,1,899.07,North,Tunisia,2026-03-17,899.07,269.721
ORD00377,Katrina Price,Tablet,Electronics,7,567.94,West,Taiwan,2026-01-31,3975.5800000000004,1192.674
ORD00378,George Moore,Tablet,Electronics,2,1005.63,West,Monaco,2026-01-06,2011.26,603.3779999999999
ORD00379,Kevin Rivera,Mouse,Electronics,8,290.17,East,Congo,2026-03-28,2321.36,696.408
ORD00380,Sara Garcia,Monitor,Accessories,9,506.09,West,Mali,2026-06-29,4554.8099999999995,1366.4429999999998
ORD00381,Megan Vazquez,Keyboard,Accessories,8,1304.71,West,Morocco,2026-02-03,10437.68,3131.304
ORD00382,Kristen Brewer,Keyboard,Electronics,6,1318.32,West,Azerbaijan,2026-03-27,7909.92,2372.976
ORD00383,Edgar Kramer,Mouse,Electronics,9,252.13,West,Vietnam,2026-05-10,2269.17,680.751
ORD00384,Jonathan Lee,Phone,Electronics,2,288.59,North,Estonia,2026-05-22,577.18,173.15399999999997
ORD00385,Joshua Fields,Mouse,Accessories,7,764.02,West,United Kingdom,2026-01-29,5348.139999999999,1604.4419999999998
ORD00386,Donna Moss,Keyboard,Accessories,6,348.09,South,Colombia,2026-03-07,2088.54,626.562
ORD00387,Sandra Nash,Mouse,Electronics,3,881.88,South,New Caledonia,2026-06-03,2645.64,793.6919999999999
ORD00388,Larry Douglas,Monitor,Electronics,6,510.12,East,Sao Tome and Principe,2026-01-12,3060.7200000000003,918.216
ORD00389,Joanna Donovan,Phone,Electronics,4,570.0,South,North Macedonia,2026-04-13,2280.0,684.0
ORD00390,Kimberly Ruiz,Tablet,Accessories,4,943.86,North,Italy,2026-06-21,3775.44,1132.632
ORD00391,Katrina Barton,Monitor,Electronics,5,1267.97,East,Bahrain,2026-05-04,6339.85,1901.955
ORD00392,Jeffrey Brown,Tablet,Accessories,7,434.53,West,Zambia,2026-05-20,3041.71,912.513
ORD00393,Javier Burnett,Tablet,Accessories,2,1355.86,South,Australia,2026-04-17,2711.72,813.516
ORD00394,William Kelly,Tablet,Accessories,6,291.98,North,New Zealand,2026-05-18,1751.88,525.564
ORD00395,Michael Lee,Monitor,Accessories,6,1073.62,West,Samoa,2026-05-22,6441.719999999999,1932.5159999999996
ORD00396,Douglas Evans,Laptop,Electronics,4,173.4,South,Qatar,2026-02-02,693.6,208.08
ORD00397,Christine Thompson,Phone,Accessories,4,397.83,East,Brunei Darussalam,2026-03-18,1591.32,477.39599999999996
ORD00398,Michael Rhodes,Tablet,Accessories,7,413.5,West,Korea,2026-03-29,2894.5,868.35
ORD00399,Sara Robertson,Tablet,Electronics,4,1467.98,East,Guatemala,2026-06-30,5871.92,1761.576
ORD00400,Marc Patterson,Keyboard,Accessories,5,1312.76,North,Netherlands,2026-05-18,6563.8,1969.1399999999999
ORD00401,Jeremy Anderson,Keyboard,Accessories,7,125.29,West,Bolivia,2026-06-01,877.0300000000001,263.10900000000004
ORD00402,Jeremy Taylor,Monitor,Electronics,5,1458.34,North,Lesotho,2026-03-18,7291.7,2187.5099999999998
ORD00403,Joy Peterson,Keyboard,Accessories,6,561.15,West,Vietnam,2026-06-24,3366.8999999999996,1010.0699999999998
ORD00404,James Carson,Keyboard,Accessories,5,1269.0,South,Haiti,2026-03-30,6345.0,1903.5
ORD00405,Joshua Gregory,Monitor,Electronics,6,969.72,East,Zambia,2026-03-26,5818.32,1745.4959999999999
ORD00406,Stacy Randolph,Phone,Electronics,8,1100.42,North,Congo,2026-03-22,8803.36,2641.0080000000003
ORD00407,Kayla Jones,Laptop,Accessories,6,725.54,East,Guyana,2026-05-15,4353.24,1305.972
ORD00408,Anthony Garrison,Monitor,Electronics,1,546.64,East,Zambia,2026-06-21,546.64,163.992
ORD00409,Nicole Martin,Monitor,Accessories,1,878.33,East,Kyrgyz Republic,2026-06-30,878.33,263.499
ORD00410,Shari Austin,Tablet,Accessories,3,559.63,East,Bangladesh,2026-04-09,1678.8899999999999,503.6669999999999
ORD00411,Katie White,Phone,Electronics,6,851.76,South,Congo,2026-04-22,5110.5599999999995,1533.168
ORD00412,Kevin Park,Phone,Electronics,4,608.92,North,Benin,2026-07-16,2435.68,730.704
ORD00413,Sean Murphy,Laptop,Accessories,2,381.44,South,Canada,2026-04-27,762.88,228.864
ORD00414,Emily Rogers,Keyboard,Electronics,2,1123.52,South,Tuvalu,2026-05-24,2247.04,674.112
ORD00415,Cody Reynolds,Laptop,Accessories,3,1326.43,North,Sierra Leone,2026-06-01,3979.29,1193.787
ORD00416,Douglas James,Keyboard,Accessories,8,243.71,North,Congo,2026-07-14,1949.68,584.904
ORD00417,Randy Spencer,Phone,Electronics,1,846.24,East,Slovakia (Slovak Republic),2026-02-05,846.24,253.87199999999999
ORD00418,Casey Brock,Monitor,Accessories,4,1066.37,East,Cameroon,2026-01-27,4265.48,1279.6439999999998
ORD00419,Shelly Jackson,Mouse,Accessories,5,269.3,West,Mauritania,2026-06-27,1346.5,403.95
ORD00420,Andrew Washington,Keyboard,Electronics,2,277.37,East,Gambia,2026-06-18,554.74,166.422
ORD00421,Lacey Estrada,Monitor,Accessories,1,1187.4,North,Finland,2026-05-14,1187.4,356.22
ORD00422,Daniel Edwards,Phone,Electronics,2,1270.47,East,Syrian Arab Republic,2026-07-11,2540.94,762.282
ORD00423,Anthony Sanchez,Monitor,Accessories,10,1435.87,West,Latvia,2026-03-02,14358.699999999999,4307.61
ORD00424,Thomas Wright,Laptop,Accessories,10,262.43,South,Palau,2026-05-11,2624.3,787.2900000000001
ORD00425,Faith Sherman,Tablet,Electronics,7,1027.68,West,Dominica,2026-01-12,7193.76,2158.128
ORD00426,Kyle Young,Tablet,Accessories,8,805.63,North,Cuba,2026-06-12,6445.04,1933.512
ORD00427,Jon Kennedy,Tablet,Electronics,3,938.38,South,Jordan,2026-01-15,2815.14,844.5419999999999
ORD00428,Frank Fox,Phone,Accessories,1,213.97,East,United Kingdom,2026-02-02,213.97,64.191
ORD00429,Terri Sanchez,Mouse,Electronics,4,878.45,East,Aruba,2026-01-18,3513.8,1054.14
ORD00430,Jackson Gutierrez,Monitor,Accessories,6,1185.97,West,Switzerland,2026-03-07,7115.82,2134.7459999999996
ORD00431,Troy Valencia,Laptop,Electronics,10,861.86,East,Kenya,2026-05-16,8618.6,2585.58
ORD00432,Mrs. Rebecca Schultz,Laptop,Electronics,10,393.53,South,Guernsey,2026-03-29,3935.2999999999997,1180.59
ORD00433,Shelby Henderson,Keyboard,Electronics,2,841.48,West,Turkey,2026-03-29,1682.96,504.888
ORD00434,Rebekah Meyer,Phone,Accessories,2,1087.35,South,Sierra Leone,2026-01-17,2174.7,652.41
ORD00435,Lindsey Morris,Mouse,Accessories,4,1011.34,West,Djibouti,2026-03-26,4045.36,1213.608
ORD00436,John Lee,Laptop,Accessories,7,746.85,West,Turkey,2026-04-24,5227.95,1568.385
ORD00437,Matthew Williams,Monitor,Electronics,9,895.64,West,Congo,2026-02-26,8060.76,2418.228
ORD00438,Wanda Willis,Monitor,Accessories,7,1056.13,West,French Polynesia,2026-03-09,7392.910000000001,2217.873
ORD00439,Mary Harrell,Phone,Electronics,10,886.62,East,China,2026-03-07,8866.2,2659.86
ORD00440,Erin Mitchell,Phone,Accessories,10,262.73,East,Bahamas,2026-01-25,2627.3,788.19
ORD00441,James Palmer,Keyboard,Electronics,3,670.91,North,Iceland,2026-03-21,2012.73,603.819
ORD00442,Amy Ward,Laptop,Electronics,7,799.01,West,Solomon Islands,2026-07-02,5593.07,1677.9209999999998
ORD00443,April Reed,Keyboard,Electronics,7,1115.73,North,Bangladesh,2026-02-07,7810.110000000001,2343.033
ORD00444,Robert Gardner,Monitor,Electronics,6,1487.43,South,Nigeria,2026-01-25,8924.58,2677.374
ORD00445,Tyler Stewart,Mouse,Electronics,9,310.98,North,Ukraine,2026-05-13,2798.82,839.6460000000001
ORD00446,Jennifer Gomez,Monitor,Electronics,6,1017.95,South,Morocco,2026-01-08,6107.700000000001,1832.3100000000002
ORD00447,Kevin Quinn,Monitor,Electronics,9,1028.55,East,Sudan,2026-01-17,9256.949999999999,2777.0849999999996
ORD00448,Joseph Porter,Mouse,Electronics,3,1149.04,North,Guyana,2026-02-01,3447.12,1034.136
ORD00449,Lauren Berg,Keyboard,Electronics,7,561.03,West,Austria,2026-05-06,3927.21,1178.163
ORD00450,Heidi Young,Keyboard,Electronics,8,1067.43,North,Wallis and Futuna,2026-01-24,8539.44,2561.832
ORD00451,Barbara Weaver,Monitor,Electronics,4,358.32,West,Macao,2026-07-02,1433.28,429.984
ORD00452,Michael Bonilla,Laptop,Accessories,8,1271.65,South,French Guiana,2026-02-23,10173.2,3051.96
ORD00453,Eric Jarvis,Phone,Accessories,8,760.51,East,Slovakia (Slovak Republic),2026-04-28,6084.08,1825.224
ORD00454,James Silva,Laptop,Electronics,5,631.41,West,Indonesia,2026-04-27,3157.0499999999997,947.1149999999999
ORD00455,Mark May,Phone,Accessories,4,430.76,East,Italy,2026-03-17,1723.04,516.9119999999999
ORD00456,Kelly Robinson,Tablet,Electronics,4,951.62,South,Gibraltar,2026-02-07,3806.48,1141.944
ORD00457,Sharon Johnson,Monitor,Accessories,1,809.41,West,Nicaragua,2026-02-24,809.41,242.82299999999998
ORD00458,Joseph Harris,Monitor,Electronics,1,698.09,South,North Macedonia,2026-07-06,698.09,209.427
ORD00459,Chad Watson,Laptop,Accessories,5,1322.49,North,Papua New Guinea,2026-02-11,6612.45,1983.735
ORD00460,Mrs. Jordan Moore,Mouse,Electronics,5,570.35,East,Malaysia,2026-02-06,2851.75,855.525
ORD00461,Patricia Wright,Monitor,Accessories,4,669.27,West,Ecuador,2026-03-25,2677.08,803.1239999999999
ORD00462,Curtis Garcia,Keyboard,Electronics,3,263.75,East,Poland,2026-06-04,791.25,237.375
ORD00463,Oscar Price,Laptop,Electronics,8,1359.46,South,Eritrea,2026-04-20,10875.68,3262.704
ORD00464,Logan Bell,Keyboard,Electronics,9,103.07,South,Christmas Island,2026-04-23,927.6299999999999,278.28899999999993
ORD00465,Jody Craig,Laptop,Electronics,1,680.27,West,Israel,2026-07-01,680.27,204.081
ORD00466,Phillip Harrell,Laptop,Electronics,3,278.84,East,Falkland Islands (Malvinas),2026-03-03,836.52,250.956
ORD00467,Sandra Brown,Mouse,Accessories,1,813.21,West,Iraq,2026-06-03,813.21,243.963
ORD00468,David Bradshaw,Mouse,Electronics,1,957.44,North,Morocco,2026-01-06,957.44,287.232
ORD00469,Keith Jones,Tablet,Electronics,1,1364.23,East,Japan,2026-04-18,1364.23,409.269
ORD00470,Sandra Cobb,Keyboard,Electronics,2,1144.21,North,Cambodia,2026-06-26,2288.42,686.526
ORD00471,Christopher Mann,Keyboard,Accessories,3,169.31,North,Mayotte,2026-05-31,507.93,152.379
ORD00472,Valerie Holmes,Tablet,Electronics,8,257.85,South,Sao Tome and Principe,2026-04-22,2062.8,618.84
ORD00473,Lauren Aguilar,Keyboard,Accessories,6,182.44,East,Timor-Leste,2026-07-05,1094.6399999999999,328.39199999999994
ORD00474,Daniel Knight,Keyboard,Accessories,9,892.49,South,Sierra Leone,2026-06-09,8032.41,2409.723
ORD00475,Steven Weaver,Keyboard,Accessories,7,632.78,South,Sudan,2026-02-14,4429.46,1328.838
ORD00476,Steven Cline,Mouse,Electronics,4,271.66,West,Jamaica,2026-07-01,1086.64,325.992
ORD00477,Jose Shepherd,Phone,Accessories,6,1084.2,North,Papua New Guinea,2026-03-17,6505.200000000001,1951.5600000000002
ORD00478,Chase Lawrence,Laptop,Accessories,3,533.06,East,Zambia,2026-06-14,1599.1799999999998,479.7539999999999
ORD00479,William Noble,Phone,Accessories,3,402.92,South,Ireland,2026-02-18,1208.76,362.628
ORD00480,Isaiah Thompson,Mouse,Accessories,3,936.66,South,Jamaica,2026-06-07,2809.98,842.994
ORD00481,Brandon Robles,Monitor,Accessories,6,567.31,North,Libyan Arab Jamahiriya,2026-01-09,3403.8599999999997,1021.1579999999999
ORD00482,Cynthia Carter,Monitor,Accessories,7,512.53,East,Myanmar,2026-05-28,3587.71,1076.3129999999999
ORD00483,Nathaniel Schultz,Mouse,Electronics,3,329.38,North,Switzerland,2026-01-27,988.14,296.442
ORD00484,Edwin Thompson,Mouse,Accessories,3,1012.26,East,Congo,2026-07-10,3036.7799999999997,911.0339999999999
ORD00485,Sherry Davis,Tablet,Accessories,9,940.51,North,Romania,2026-02-28,8464.59,2539.377
ORD00486,John Smith,Keyboard,Accessories,5,1199.37,West,Spain,2026-05-16,5996.849999999999,1799.0549999999998
ORD00487,William Sherman,Tablet,Accessories,1,179.33,East,Montenegro,2026-04-16,179.33,53.799
ORD00488,Alicia Scott,Keyboard,Electronics,5,1382.59,North,Uruguay,2026-05-04,6912.95,2073.8849999999998
ORD00489,Cesar Gallagher,Keyboard,Electronics,5,385.5,West,Kyrgyz Republic,2026-05-03,1927.5,578.25
ORD00490,Micheal Harper,Monitor,Accessories,2,1280.58,West,France,2026-03-01,2561.16,768.348
ORD00491,Ann Williams,Laptop,Accessories,8,592.58,West,Tuvalu,2026-02-18,4740.64,1422.192
ORD00492,Nathan Newman,Monitor,Accessories,4,762.96,South,Comoros,2026-03-26,3051.84,915.552
ORD00493,Alexis Rivas,Tablet,Electronics,7,801.37,South,North Macedonia,2026-04-27,5609.59,1682.877
ORD00494,Elizabeth Moore,Laptop,Accessories,8,875.54,West,Netherlands,2026-04-03,7004.32,2101.296
ORD00495,Julia Reynolds,Laptop,Accessories,7,1346.6,West,Vietnam,2026-07-11,9426.199999999999,2827.8599999999997
ORD00496,Thomas Carter,Phone,Electronics,9,1472.39,East,Fiji,2026-01-31,13251.51,3975.453
ORD00497,Thomas Moore,Keyboard,Electronics,6,407.75,North,Turkey,2026-02-25,2446.5,733.9499999999999
ORD00498,Susan Murillo,Monitor,Electronics,3,173.83,South,Benin,2026-01-21,521.49,156.447
ORD00499,Lori Weiss,Laptop,Accessories,6,387.36,North,Papua New Guinea,2026-06-03,2324.16,697.2479999999999
ORD00500,Kathy Farmer,Phone,Electronics,8,714.72,West,Colombia,2026-01-13,5717.76,1715.328
